id,name,email,amount,sent,date
0,James,james@email.com,123,,2018-12-12 17:37:22.808135
2,James,james@email.com,123,,2018-12-12 17:37:24.456364
4,James,james@email.com,123,,2018-12-12 17:37:25.392360
6,James,james@email.com,123,,2018-12-12 17:37:26.073398
8,James,james@email.com,123,,2018-12-12 17:37:26.736857
10,James,james@email.com,123,,2018-12-12 17:37:27.343998
12,James,james@email.com,123,,2018-12-12 17:37:27.944313
14,James,james@email.com,123,,2018-12-12 17:37:28.496901
16,James,james@email.com,123,,2018-12-12 17:37:29.080157
18,James,james@email.com,123,,2018-12-12 17:37:29.624921
20,James,james@email.com,123,,2018-12-12 17:37:30.137981
22,James,james@email.com,123,,2018-12-12 17:37:30.633632
24,James,james@email.com,123,,2018-12-12 17:37:31.089523
26,James,james@email.com,123,,2018-12-12 17:37:31.570022
28,James,james@email.com,123,,2018-12-12 17:37:32.855838
